{"cameraMode":{"drawMode":0,"name":"Shaded","section":"Shading Mode"},"sceneLighting":false,"audioPlay":false,"sceneViewState":{"showFog":true,"showMaterialUpdate":false,"showSkybox":false,"showFlares":true,"showImageEffects":true,"showParticleSystems":true,"showVisualEffectGraphs":true,"m_FxEnabled":true},"in2DMode":false,"pivot":{"x":14.508079528808594,"y":0.6999999284744263,"z":-1.1741564273834229},"rotation":{"x":-0.04228822514414787,"y":-0.020382726565003396,"z":0.0008629202493466437,"w":-0.998897135257721},"size":2.0925703048706056,"orthographic":false}